"Abbas, Safia","Sawamura, Hajime",,,,,,,,
"Abbas, Safia","Sawamura, Hajime",,,,,,,,
"Adjei, Seth A.","Selent, Douglas","Pardos, Zachary A.","Broaddus, Angela","Heffernan, Neil T.","Kingston, Neal",,,,
"Adjei, Seth A.","Salehizadeh, S. M. A.","Wang, Yutao","Heffernan, Neil T.",,,,,,
"Agapito, Javier Bravo","Ortigosa, Álvaro","Sosnovsky, Sergey",,,,,,,
"Aghababyan, Ani",,,,,,,,,
"Agnihotri, Lalitha","Aghababyan, Ani","Mojarad, Shirin","Riedesel, Mark","Essa, Alfred",,,,,
"Agnihotri, Lalitha","Ott, Alexander",,,,,,,,
"Agrawal, Akshay","Venkatraman, Jagadish","Leonard, Shane","Paepcke, Andreas",,,,,,
"Agrawal, Rakesh",,,,,,,,,
"Agrawal, Rakesh","Golshan, Behzad","Papalexakis, Evangelos",,,,,,,
"Akçapinar, Gökhan","Coşgun, Erdal","Altun, Arif",,,,,,,
"Aleahmad, Turadg","Aleven, Vincent","Kraut, Robert E.",,,,,,,
"Alexandron, Giora","Pritchard, David E.","Zhou, Qian",,,,,,,
"Alharbi, Ghada","Hain, Thomas",,,,,,,,
"Allen, Laura K.",,,,,,,,,
"Allen, Laura K.","Jacovina, Matthew E.","Dascalu, Mihai","Roscoe, Rod D.","Kent, Kevin M.","Likens, Aaron D.","McNamara, Danielle S.",,,
"Allen, Laura K.","McNamara, Danielle S.",,,,,,,,
"Allen, Laura K.","Snow, Erica L.","McNamara, Danielle S.",,,,,,,
"Allen, Laura K.","Snow, Erica L.","McNamara, Danielle S.",,,,,,,
"Allevato, Anthony","Thornton, Matthew","Edwards, Stephen H.","Pérez-Quiñones, Manuel A.",,,,,,
"Almond, Russell G.","Guo, Yuhua","Wang, Nan","Goldin, Ilya M.",,,,,,
"Altrabsheh, Nabeela","Cocea, Mihaela","Fallahkhair, Sanaz",,,,,,,
"Anaya, Antonio R.","Boticario, Jesús G.",,,,,,,,
"Anaya, Antonio R.","Boticario, Jesús G.",,,,,,,,
"Anaya, Antonio R.","Hernández-del-Olno, Félix","Leton, Emilio","Boticario, Jesús G.",,,,,,
"Anderson, John R.",,,,,,,,,
Andrew S. Lan,Richard G. Baraniuk,,,,,,,,
"Anjewierden, Anjo","Gijlers, Hannie","Saab, Nadira","De Hoog, Robert",,,,,,
"Antunes, Cláudia",,,,,,,,,
"Arroyo, Ivon","Meheranian, Hasmik","Woolf, Beverly Park",,,,,,,
"Ashenafi, Michael Mogessie","Ronchetti, Marco","Riccardi, Giuseppe",,,,,,,
"Atapattu, Thushari","Falkner, Katrina","Falkner, Nickolas",,,,,,,
"Atapattu, Thushari","Falkner, Katrina","Tarmazdi, Hamid",,,,,,,
"Ayers, Elizabeth","Nugent, Rebecca","Dean, Nema",,,,,,,
"Ayers, Elizabeth","Nugent, Rebecca","Dean, Nema",,,,,,,
"Bachmann, Matt","Gobert, Janice D.","Beck, Joseph E.",,,,,,,
"Bahargam, Sanaz","Erdos, Dóra","Bestavros, Azer","Terzi, Evimaria",,,,,,
"Baikadi, Alok","Schunn, Christian D.","Ashley, Kevin D.",,,,,,,
"Baikadi, Alok","Schunn, Christian D.","Long, Yanjin","Epp, Carrie Demmans",,,,,,
"Baker, Ryan S.J.d.",,,,,,,,,
"Baker, Ryan S.J.d.",,,,,,,,,
"Baker, Ryan S.J.d.","Carney, John","Mitros, Piotr","Stamper, John","Saxberg, Bror",,,,,
"Baker, Ryan S.J.d.","Corbett, Albert T.","Aleven, Vincent",,,,,,,
"Baker, Ryan S.J.d.","De Carvalho, Adriana M. J. A.",,,,,,,,
"Baker, Ryan S.J.d.","Gowda, Sujith M.",,,,,,,,
"Baker, Ryan S.J.d.","Gowda, Sujith M.","Corbett, Albert T.",,,,,,,
"Baker, Ryan S.J.d.","Gowda, Sujith M.","Wixon, Michael","Kalka, Jessica","Wagner, Angela Z.","Salvi, Aatish","Aleven, Vincent","Kusbit, Gail W.","Ocumpaugh, Jaclyn L.","Rossi, Lisa"
"Baker, Ryan S.J.d.","Lindrum, David","Lindrum, Mary Jane","Perkowski, David",,,,,,
"Baker, Ryan S.J.d.","Ocumpaugh, Jaclyn",,,,,,,,
"Baker, Ryan S.J.d.","Um, Peter Brusilovsky","Gašević, Dragan","Heffernan, Neil T.","Pechenizkiy, Mykola","Wise, Alyssa Friend",,,,
"Balćazar, Jose L.","Zorrilla Pantaleón, Marta Elena","García-Saiz, Diego",,,,,,,
"Barker-Plummer, Dave","Cox, Richard","Dale, Robert",,,,,,,
"Barker-Plummer, Dave","Cox, Richard","Dale, Robert",,,,,,,
"Barker-Plummer, Dave","Dale, Robert","Cox, Richard",,,,,,,
"Barmaki, Roghayeh",,,,,,,,,
"Barnes, Tiffany","Stamper, John","Lehmann, Lorrie","Croy, Marvin J.",,,,,,
"Barracosa, Joana","Antunes, Cláudia",,,,,,,,
"Bayer, Jaroslav","Bydžovská, Hana","Géryk, Jan","Obšívač, Tomáš","Popelínský, Lubomír",,,,,
"Bazaldua, Diego A. Luna","Baker, Ryan S.J.d.","San Pedro, Maria Ofelia Z.",,,,,,,
"Beck, Joseph E.","Xiong, Xiaolu",,,,,,,,
"Becker, Lee","Ward, Wayne H.","VanVuuren, Sarel",,,,,,,
"Beheshti, Behzad","Desmarais, Michel C.",,,,,,,,
"Beheshti, Behzad","Desmarais, Michel C.",,,,,,,,
"Beheshti, Behzad","Desmarais, Michel C.","Naceur, Rhouma",,,,,,,
"Ben-Naim, Dror","Bain, Michael","Marcus, Nadine",,,,,,,
"Bengs, Daniel","Brefeld, Ulf",,,,,,,,
"Bergner, Yoav","Dröschler, Stefan","Kortemeyer, Gerd","Rayyan, Saif","Seaton, Daniel T.","Pritchard, David E.",,,,
"Bergner, Yoav","Kerr, Deirdre","Pritchard, David E.",,,,,,,
"Bergner, Yoav","Shu, Zhan","Von Davier, Alina A.",,,,,,,
"Berk, James A.","Powell, Jay C.",,,,,,,,
"Bhartiya, Divyanshu","Biswan, Sovan","Mohania, Mukesh","Sengupta, Bikram",,,,,,
"Bhat, Suma","Perry, Michelle","Chinprutthiwong, Phakpoom",,,,,,,
"Bhatnagar, Sameer","Desmarais, Michel C.","Lasry, Nathaniel","Charles, Elizabeth S.",,,,,,
"Bhatnagar, Sameer","Desmarais, Michel C.","Whittaker, Chris","Lasry, Nathaniel","Dugdale, Michael","Charles, Elizabeth S.",,,,
"Bian, Haiyun",,,,,,,,,
"Blanchard, Nathaniel","D'Mello, Sidney K. D.","Olney, Andrew M.","Nystrand, Martin",,,,,,
"Blanchard, Nathaniel","Donnelly, Patrick J.","Olney, Andrew M.","Samei, Borhan","Ward, Brooke","Sun, Xiaoyi","Kelly, Sean","Nystrand, Martin","D'Mello, Sidney K. D.",
"Bogarín, Alejandro","Cerezo, Rebeca","Romero, Cristóbal",,,,,,,
"Borge, Marcela","Rosé, Carolyn P.",,,,,,,,
"Boroujeni, Mina Shirvani","Kidziński, Łukasz","Dillenbourg, Pierre",,,,,,,
"Bose, R. P. Jagadeesh Chandra","Deshmukh, Om","Ravindra, Bhavanam",,,,,,,
"Botelho, Anthony F.","Adjei, Seth A.","Heffernan, Neil T.",,,,,,,
"Botelho, Anthony F.","Adjei, Seth A.","Heffernan, Neil T.","Wan, Hao",,,,,,
"Boubekki, Ahcène","Brefeld, Ulf","Delacroix, Thomas",,,,,,,
"Boubekki, Ahcène","Kröhne, Ulf","Goldhammer, Frank","Schreiber, Waltraud","Brefeld, Ulf",,,,,
"Bouchet, François","Azevedo, Roger","Kinnebrew, John S.","Biswas, Gautam",,,,,,
"Bousbia, Nabila","Balla, Amar","Labat, Jean-Marc","Issam, Rebai",,,,,,
"Boutnaru, Shlomi","Hershkovitz, Arnon",,,,,,,,
"Bovo, Angela","Sanchez, Stéphane","Duthen, Yves","Héguy, Olivier",,,,,,
"Bovo, Angela","Sanchez, Stephane","Heiguy, Olivier","Duthen, Yves",,,,,,
"Boyer, Kristy Elizabeth","Phillips, Robert","Ha, Eun Young","Wallis, Michael D.","Vouk, Mladen A.","Lester, James C.",,,,
"Boyer, Sebastien","Veeramachaneni, Kalyan",,,,,,,,
"Bravo, Javier","Romero, Sonia Janeth","Luna, José María","Pamplona, Sonia",,,,,,
"Brawner, Keith",,,,,,,,,
"Brown, Rebecca","Lynch, Collin F.","Eagle, Michael","Albert, Jennifer","Barnes, Tiffany","Baker, Ryan S.J.d.","McNamara, Danielle S.","Bergner, Yoav",,
"Brunskill, Emma",,,,,,,,,
"Brunskill, Emma","Russell, Stuart",,,,,,,,
"Buffum, Philip","Frankosky, Megan","Boyer, Kristy Elizabeth","Wiebe, Eric","Mott, Bradford","Lester, James",,,,
"Bumbacher, Engin","Salehi, Shima","Wierzchula, Miriam","Blikstein, Paulo",,,,,,
"Bydžovská, Hana",,,,,,,,,
"Bydžovská, Hana",,,,,,,,,
"Bydžovská, Hana",,,,,,,,,
"Cade, Whitney L.","Olney, Andrew M.",,,,,,,,
"Cade, Whitney","Dowell, Nia","Graesser, Arthur C.","Pennebaker, James","Tausczik, Yla",,,,,
"Cai, Zhiqiang","Li, Haiying","Graesser, Arthur C.","Hu, Xiangen",,,,,,
"Calvo, Rafael A.","Kim, Sunghwan Mac",,,,,,,,
"Cambranes-Martinez, Edgar","Good, Judith",,,,,,,,
"Campagni, Renza","Merlini, Donatella","Sprugnoli, Renzo",,,,,,,
"Carballo, Fábio","Antunes, Cláudia",,,,,,,,
"Carlson, Ryan","Genin, Konstantin","Rau, Martina A.","Scheines, Richard",,,,,,
"Cerezo, Rebeca","Paule, M. Puerto","Sanchez-Santillan, Miguel","Nuñez, Jose C.",,,,,,
"Cetintas, Suleyman","Si, Luo","Xin, Yan Ping","Hord, Casey",,,,,,
"Champaign, John","Cohen, Robin",,,,,,,,
"Champaign, John","Cohen, Robin",,,,,,,,
"Chandrasekaran, Muthu Kumar","Kan, Min-Yen","Tan, Bernard C. Y.","Ragupathi, Kiruthika",,,,,,
"Chang, Haw-Shiuan","Hsu, Hwai-Jung","Chen, Kuan-Ta",,,,,,,
"Chaplot, Devendra Singh","Rhim, Eunhee","Kim, Jihie",,,,,,,
"Chaturvedi, Ritu","Ezeife, Christie",,,,,,,,
"Chaturvedi, Ritu","Ezeife, Christie",,,,,,,,
"Chen, Lujie","Dubrawski, Artur","Li, Xin","Xia, Zhuyun","Song, Zhanmei","Morency, Louis-Philippe",,,,
"Chen, Yang","Wuillemin, Pierre-Henri","Labat, Jean-Marc",,,,,,,
"Chen, Yetian","González-Brenes, José P.","Tian, Jin",,,,,,,
"Chen, Yuxuan","Bosch, Nigel","D'Mello, Sidney K. D.",,,,,,,
"Chen, Zhongzhou","Demirci, Neset","Pritchard, David",,,,,,,
"Chi, Min","Jordan, Pamela W.","VanLehn, Kurt","Hall, Moses",,,,,,
"Chi, Min","Koedinger, Kenneth R.","Gordon, Geoffrey J.","Jordan, Pamela W.","VanLehn, Kurt",,,,,
"Chi, Min","Schwartz, Daniel L.","Blair, Kristen Pilner","Chin, Doris B.",,,,,,
"Chi, Min","Shen, Shitian",,,,,,,,
"Chiritoiu, Marius Stefan","Mihaescu, Marian Cristian","Burdescu, Dumitru Dan",,,,,,,
"Cho, Kwangsu",,,,,,,,,
"Choi, Hongkyu","Lee, Ji Eun","Hong, Won-Joon","Lee, Kyumin","Recker, Mimi M.","Walker, Andy",,,,
"Choi, Yunyoung","Rupp, Andre A.","Sweet, Shauna J.",,,,,,,
"Cisel, Matthieu","Bachelet, Rémi","Bruillard, Eric",,,,,,,
"Clement, Benjamin","Oudeyer, Pierre-Yves","Lopes, Manuel",,,,,,,
"Clement, Benjamin","Roy, Didier","Oudeyer, Pierre-Yves","Lopes, Manuel",,,,,,
"Cobo, Germán","García-Solórzano, David","Santamaría, Eugènia","Morán, Jose Antonio","Melenchón, Javier","Monzo, Carlos",,,,
"Colvin, Kimberly F.","Champaign, John","Fredericks, Colin","Pritchard, David E.","Liu, Alwina",,,,,
"Córdova Sánchez, Mariheida","Si, Luo","Fish, Jason","Raman, Parameswaran",,,,,,
"Craig, Scotty D.","Huang, Xudong","Xie, Jun","Fang, Ying","Hu, Xiangen",,,,,
"Crespo, Pedro","Antunes, Cláudia",,,,,,,,
"Cristian, Marian","Popescu, Paul Stefan","Iona, Costel",,,,,,,
"Crossley, Scott A.","Defore, Caleb","Kyle, Kristopher","Dai, Jianmin","McNamara, Danielle S.",,,,,
"Crossley, Scott A.","Kyle, Kristopher","Allen, Laura K.","McNamara, Danielle S.",,,,,,
"Crossley, Scott A.","Kyle, Kristopher","Davenport, Jodi","Mcnamara, Danielle S.",,,,,,
"Crossley, Scott A.","McNamara, Danielle S.","Baker, Ryan S.J.d.","Wang, Yuan","Paquette, Luc","Barnes, Tiffany","Bergner, Yoav",,,
"Cunningham, Jim",,,,,,,,,
"Cutumisu, Maria","Schwartz, Daniel L.",,,,,,,,
"D'Inverno, Mark","Al-Rifaie, Mohammad Majid","Yee-King, Matthew",,,,,,,
"D'Mello, Sidney K. D.","Cobian, Jonathan","Hunter, Matthew",,,,,,,
"D'Mello, Sidney K. D.","Graesser, Arthur C.",,,,,,,,
"Dai, Yiling","Asano, Yasuhito","Yoshikawa, Masatoshi",,,,,,,
"Davenport, Jodi","Stamper, John C.","Liu, Ran",,,,,,,
"Davis, Dan","Chen, Guanliang","Hauff, Claudia","Houben, Geert-Jan",,,,,,
"Davoodi, Alireza","Conati, Cristina",,,,,,,,
"Davoodi, Alireza","Kardan, Samad","Conati, Cristina",,,,,,,
"De Alfaro, Luca","Shavlovsky, Michael",,,,,,,,
"de Mello Neto, Wolney","Garcia, Felipe","Carvalho, Pedro","Barbosa, Eduardo","Wernerck, Nicolau","Carvalho, Leonardo",,,,
"De Molina, María","Luna, José María","Romero, Cristóbal","Ventura, Sebastián",,,,,,
"Deboer, Jennifer","Stump, Glenda S.","Pritchard, David E.","Seaton, Daniel","Breslow, Lori",,,,,
"Dekker, Gerben","Pechenizkiy, Mykola","Vleeshouwers, Jan",,,,,,,
"Desmarais, Michel C.",,,,,,,,,
"Desmarais, Michel C.","Beheshti, Behzad","Xu, Peng",,,,,,,
"Desmarais, Michel C.","Lemieux, Francois",,,,,,,,
"Desmarais, Michel C.","Pelczer, Ildiko",,,,,,,,
"Desmarais, Michel C.","Villarreal, Alejandro","Gagnon, Michel",,,,,,,
"Desmarais, Michel C.","Xu, Peng",,,,,,,,
"Desmarais, Michel C.","Xu, Peng","Beheshti, Behzad",,,,,,,
"Deziel, Melissa","Olawo, Dayo","Truchon, Lisa","Golab, Lukasz",,,,,,
"Diana, Nicholas","Eagle, Michael","Stamper, John","Koedinger, Kenneth R.",,,,,,
"DiCerbo, Kristen E.","Kidwai, Khusro",,,,,,,,
"Dillon, John","Bosch, Nigel","Ambrose, G. Alex","D'Mello, Sidney K. D.","Chetlur, Malolan","Wanigasekara, Nirandika","Sengupta, Bikram",,,
"Dobashi, Konomu",,,,,,,,,
"Dolan, Bob","Behrens, John",,,,,,,,
"Dominguez, Anna Katrina","Yacef, Kalina","Curran, James R.",,,,,,,
"Dominguez, Michelle M.","Bernacki, Matthew L.","Uesbeck, P. Merlin",,,,,,,
"Dong, Yi","Kinnebrew, John S.","Biswas, Gautam",,,,,,,
"Dong, Yihuan","Price, Thomas W.","Barnes, Tiffany",,,,,,,
"Doroudi, Shayan","Holstein, Kenneth","Aleven, Vincent","Brunskill, Emma",,,,,,
"Doroudi, Shayan","Holstein, Kenneth","Aleven, Vincent","Brunskill, Emma",,,,,,
"Dowell, Nia Marcia Maria","Skrypnyk, Sasha","Joksimović, Srećko","Graesser, Arthur C.","Dawson, Shane","Gašević, Dragan","Hennis, Thieme A.","De Vries, Pieter","Kovanović, Vitomir",
"Duong, Hien D.","Zhu, Linglong","Wang, Yutao","Heffernan, Neil T.",,,,,,
"Dyckhoff, Anna Lea","Zielke, Dennis","Chatti, Mohamed Amine","Schroeder, Ulrik",,,,,,
"Eagle, Michael J.","Barnes, Tiffany",,,,,,,,
"Eagle, Michael J.","Barnes, Tiffany",,,,,,,,
"Eagle, Michael J.","Barnes, Tiffany",,,,,,,,
"Eagle, Michael J.","Barnes, Tiffany",,,,,,,,
"Eagle, Michael J.","Brown, Rebecca","Barnes, Tiffany","Rowe, Elizabeth","Asbell-Clarke, Jodi","Edwards, Teon",,,,
"Eagle, Michael J.","Hicks, Drew","Barnes, Tiffany",,,,,,,
"Eagle, Michael J.","Johnson, Matthew W.","Barnes, Tiffany",,,,,,,
"Eagle, Michael J.","Polamreddi, Vinaya","Mostafavi, Behrooz","Barnes, Tiffany",,,,,,
"Emond, Bruno","Buffett, Scott",,,,,,,,
"Emond, Bruno","Buffett, Scott","Goutte, Cyril","Guo, Ruibiao Jaff",,,,,,
"Ezen-Can, Aysu","Boyer, Kristy Elizabeth",,,,,,,,
"Ezen-Can, Aysu","Boyer, Kristy Elizabeth",,,,,,,,
"Ezen-Can, Aysu","Boyer, Kristy Elizabeth",,,,,,,,
"Falakmasir, Mohammad Hassan","Habibi, Jafar",,,,,,,,
"Falakmasir, Mohammad Hassan","Pardos, Zachary A.","Gordon, Geoffrey J.","Brusilovsky, Peter",,,,,,
"Falakmasir, Mohammad Hassan","Yudelson, Michael V.","Ritter, Steven","Koedinger, Kenneth R.",,,,,,
"Fancsali, Stephen E.",,,,,,,,,
"Fancsali, Stephen E.",,,,,,,,,
"Fancsali, Stephen E.",,,,,,,,,
"Fancsali, Stephen E.",,,,,,,,,
"Fancsali, Stephen E.","Nixon, Tristan","Ritter, Steven",,,,,,,
"Faucon, Louis","Kidziński, Łukasz","Dillenbourg, Pierre",,,,,,,
"Feild, Jacqueline",,,,,,,,,
"Feng, Mingyu",,,,,,,,,
"Feng, Mingyu","Beck, Joseph E.",,,,,,,,
"Feng, Mingyu","Beck, Joseph E.","Heffernan, Neil T.",,,,,,,
"Feng, Mingyu","Beck, Joseph E.","Heffernan, Neil T.","Koedinger, Kenneth R.",,,,,,
"Feng, Mingyu","Heffernan, Neil T.",,,,,,,,
"Feng, Mingyu","Heffernan, Neil T.","Beck, Joseph E.","Koedinger, Kenneth R.",,,,,,
"Feng, Mingyu","Heffernan, Neil T.","Pardos, Zachary A.","Heffernan, Cristina",,,,,,
"Feng, Mingyu","Roschelle, Jeremy","Mason, Craig","Bhanot, Ruchi",,,,,,
"Fincham, Jon M.","Anderson, John R.","Betts, Shawn","Ferris, Jennifer L.",,,,,,
"Forsyth, Carol M.","Butler, Heather","Graesser, Arthur C.","Halpern, Diane","Millis, Keith","Cai, Zhiqiang","Wood, Jonathan",,,
"Forsyth, Carol M.","Pavlik Jr., Philip I.","Graesser, Arthur C.","Cai, Zhiqiang","Germany, Mae-Lynn","Millis, Keith","Butler, Heather","Halpern, Diane","Dolan, Robert P.",
"Forsyth, Carol M.","Pavlik Jr., Philip I.","Graesser, Arthur C.","Millis, Keith","Samei, Borhan",,,,,
"Fouh, Eric","Farghally, Mohammed F.","Hamouda, Sally","Shaffer, Clifford A.","Koh, Kyu Han",,,,,
"France, Stephen","Vaghefi, Mahyar","Batchelder, William",,,,,,,
"Fuentes, Javier","Romero, Cristóbal","García-Martínez, Carlos","Ventura, Sebastián",,,,,,
"Galyardt, April","Goldin, Ilya M.",,,,,,,,
"Galyardt, April","Goldin, Ilya M.",,,,,,,,
"Gandhi, Ankit","Biswas, Arijit","Deshmukh, Om",,,,,,,
"García-Saiz, Diego","Zorrilla Pantaleón, Marta Elena",,,,,,,,
"García-Saiz, Diego","Zorrilla Pantaleón, Marta Elena",,,,,,,,
"García-Saiz, Diego","Zorrilla Pantaleón, Marta Elena",,,,,,,,
"García-Saiz, Diego","Zorrilla Pantaleón, Marta Elena","Palazuelos, Camilo",,,,,,,
"García-Saiz, Diego","Zorrilla, Marta E.",,,,,,,,
"Garcia-Zubia, Javier","Romero, Susana","Guenaga, M. Luz","Cuadros, Jordi","González, Lucinio","Orduña, Pablo",,,,
"García, Enrique","Romero, Cristóbal","Ventura, Sebastián","Gea, Miguel","De Castro, Carlos",,,,,
"Gašević, Dragan","Martin, Taylor","Pardos, Zachary A.","Stamper, John","Pechenizkiy, Mykola","Zaiane, Osmar",,,,
"Gelman, Ben","Revelle, Matt","Domeniconi, Carlotta","Johri, Aditya","Veeramachaneni, Kalyan",,,,,
"Geryk, Jan",,,,,,,,,
"Géryk, Jan","Popelínský, Lubomír",,,,,,,,
"Goedecke, Patricia J.","Dong, Daqi","Shi, Genghu","Feng, Shi","Risko, Evan","Olney, Andrew M.","D'Mello, Sidney K. D.","Graesser, Arthur C.",,
"Goguadze, George","Sosnovsky, Sergey","Isotani, Seiji","McLaren, Bruce M.",,,,,,
"Goldin, Ilya M.","Galyardt, April",,,,,,,,
"Goldin, Ilya M.","Koedinger, Kenneth R.","Aleven, Vincent",,,,,,,
"Goldin, Ilya M.","Koedinger, Kenneth R.","Aleven, Vincent",,,,,,,
"Goldstein, Adam","Baker, Ryan S.J.d.","Heffernan, Neil T.",,,,,,,
"Gong, Yue","Beck, Joseph E.",,,,,,,,
"Gong, Yue","Beck, Joseph E.","Heffernan, Neil T.",,,,,,,
"Gong, Yue","Rai, Dovan","Beck, Joseph E.","Heffernan, Neil T.",,,,,,
"González-Brenes, José P.","Brusilovsky, Peter","Kumar, Rohit","Huang, Yun",,,,,,
"González-Brenes, José P.","Duan, Weisi","Mostow, Jack",,,,,,,
"González-Brenes, José P.","Huang, Yun",,,,,,,,
"González-Brenes, José P.","Huang, Yun","Brusilovsky, Peter",,,,,,,
"González-Brenes, José P.","Mostow, Jack",,,,,,,,
"González-Brenes, José P.","Mostow, Jack",,,,,,,,
"González-Brenes, José P.","Mostow, Jack",,,,,,,,
"González, Carina","Toledo, Pedro A.",,,,,,,,
"Goslin, Kyle","Hofmann, Markus",,,,,,,,
"Goutte, Cyril","Léger, Serge","Durand, Guillaume",,,,,,,
"Gowda, Sujith M.","Rowe, Jonathan P.","Baker, Ryan S.J.d.","Chi, Min","Koedinger, Kenneth R.",,,,,
"Grafsgaard, Joseph F.","Wiggins, Joseph B.","Boyer, Kristy Elizabeth","Wiebe, Eric N.","Lester, James C.",,,,,
"Grafsgaard, Joseph F.","Wiggins, Joseph B.","Boyer, Kristy Elizabeth","Wiebe, Eric N.","Lester, James C.",,,,,
"Gray, Geraldine","McGuinness, Colm","Owende, Philip",,,,,,,
"Gray, Geraldine","McGuinness, Colm","Owende, Philip",,,,,,,
"Gross, Markus","Solenthaler, Barbara","Klingler, Severin","Käser, Tanja",,,,,,
"Guerra-Hollstein, Julio D.","Brusilovsky, Peter","Huang, Yun",,,,,,,
"Guerra, Julio","Sahebi, Shaghayegh","Brusilovsky, Peter","Lin, Yu-Ru",,,,,,
"Gutierrez-Santos, Sergio","Mavrikis, Manolis","Poulovassilis, Alex","Zhu, Zheng",,,,,,
"Gutierrez-Santos, Sergio","Poulovassilis, Alexandra","Mavrikis, Manolis",,,,,,,
"Hao, Jiangang","Liu, Lei","Kyllonen, Patrick","Kitchen, Christopher","Von Davier, Alina A.",,,,,
"Hardof-Jaffe, Sharon","Hershkovitz, Arnon","Abu-Kishk, Hama","Bergman, Ofer","Nachmias, Rafi",,,,,
"Hardof-Jaffe, Sharon","Hershkovitz, Arnon","Azran, Ronit","Nachmias, Rafi",,,,,,
"Harpstead, Erik","MacLellan, Christopher J.","Koedinger, Kenneth R.","Aleven, Vincent","Dow, Steven P.","Myers, Brad A.",,,,
"Hawkins, William","Heffernan, Neil T.","Wang, Yutao","Baker, Ryan S.J.d.",,,,,,
"Hayashi, Yugo",,,,,,,,,
"He, Qiwei","Veldkamp, Bernard P.","Westerhof, Gerben J.",,,,,,,
"Heiner, Cecily",,,,,,,,,
"Heiner, Cecily","Zachary, Joseph",,,,,,,,
"Hernando, Manuel","Guzmán, Eduardo","Andres, Eric","Narciss, Susanne","Sosnovsky, Sergey",,,,,
"Herold, James","Zundel, Alexander E.","Stahovich, Thomas F.",,,,,,,
"Hershkovitz, Arnon","Baker, Ryan S.J.d.","Gobert, Janice D.","Wixon, Michael",,,,,,
"Hershkovitz, Arnon","Baker, Ryan S.J.d.","Gowda, Sujith M.","Corbett, Albert T.",,,,,,
"Hershkovitz, Arnon","Merceron, Agathe","Shamaly, Amran",,,,,,,
"Hershkovitz, Arnon","Nachmias, Rafi",,,,,,,,
"Hershkovitz, Arnon","Nachmias, Rafi",,,,,,,,
"Hershkovitz, Arnon","Nachmias, Rafi",,,,,,,,
"Hicks, Andrew",,,,,,,,,
"Hicks, Drew","Liu, Zhongxiu","Eagle, Michael J.","Barnes, Tiffany",,,,,,
"Howard, Larry","Johnson, Julie","Neitzel, Carin",,,,,,,
"Hsiao, I-Han","Chae, Hui Soo","Baker, Ryan S.J.d.","Natriello, Gary","Malhotra, Manav",,,,,
"Huang, Yun","Brusilovsky, Peter",,,,,,,,
"Hübscher, Roland","Puntambekar, Sadhana",,,,,,,,
"Hughes, Charles E.","Barmaki, Roghayeh",,,,,,,,
"Hutt, Stephen","Mills, Caitlin","White, Shelby","Donnelly, Patrick J.","D'Mello, Sidney K. D.",,,,,
"Ignatov, Dmitry","Mamedova, Serafima","Romashkin, Nikita","Shamshurin, Ivan",,,,,,
"Inventado, Paul Salvador","Legaspi, Roberto","Cabredo, Rafael","Numao, Masayuki",,,,,,
"Inventado, Paul Salvador","Legaspi, Roberto","Numao, Masayuki",,,,,,,
"Inventado, Paul Salvador","Legaspi, Roberto","Suarez, Merlin","Numao, Masayuki",,,,,,
"Inventado, Paul Salvador","Scupelli, Peter","Van Inwegen, Eric G.","Ostrow, Korinn S.","Heffernan, Neil T.","Ocumpaugh, Jaclyn L.","Baker, Ryan S.J.d.","Slater, Stefan","Almeda, Mia",
"Ivančević, Vladimir","Čeliković, Milan","Luković, Ivan",,,,,,,
"Jacovina, Matthew E.","Snow, Erica L.","Allen, Laura K.","Roscoe, Rod D.","Weston, Jennifer L.","Dai, Jianmin","McNamara, Danielle S.",,,
"Janning, Ruth","Schatten, Carlotta","Schmidt-Thieme, Lars",,,,,,,
"Jarušek, Petr","Klusacek, Matej","Pelánek, Radek",,,,,,,
"Jędrzejewski, Krzysztof","Bogucki, Mikołaj","Olszewski, Mikołaj","Łodzikowski, Kacper","Zwoliński, Jan",,,,,
"Jeffrey, Rogers","John, Leo","Passonneau, Rebecca J.","Mctavish, Thomas S.",,,,,,
"Jeong, Hogyeong","Biswas, Gautam",,,,,,,,
"Jeong, Hogyeong","Biswas, Gautam","Johnson, Julie","Howard, Larry",,,,,,
"Jiang, Suhang","Williams, Adrienne E.","Schenke, Katerina","Warschauer, Mark","O'Dowd, Diane",,,,,
"Jiang, Yang","Paquette, Luc","Baker, Ryan S.J.d.","Clarke-Midura, Jody",,,,,,
"Jiang, Yuheng","Golab, Lukasz",,,,,,,,
"Jiang, Zhuoxuan","Li, Peng","Zhang, Yan","Li, Xiaoming",,,,,,
"Jiang, Zhuoxuan","Zhang, Yan","Liu, Chi","Li, Xiaoming",,,,,,
"Jing, Shumin",,,,,,,,,
"Jo, Jaechoon","Lim, Heuiseok",,,,,,,,
"Jo, Yohan","Tomar, Gaurav Singh","Ferschke, Oliver","Rose, Carolyn P.","Gašević, Dragan",,,,,
"Johnson, Matthew W.","Barnes, Tiffany",,,,,,,,
"Johnson, Matthew W.","Eagle, Michael J.","Barnes, Tiffany",,,,,,,
"Johnson, Matthew W.","Eagle, Michael J.","Joseph, Leena","Barnes, Tiffany",,,,,,
"Johnson, Matthew W.","Eagle, Michael J.","Stamper, John C.","Barnes, Tiffany",,,,,,
"Johnson, Stuart","Zaïane, Osmar",,,,,,,,
"Joshi, Ambarish","Fancsali, Stephen E.","Ritter, Steven","Nixon, Tristan","Berman, Susan R.",,,,,
"Jugo, Igor","Kovačić, Božidar","Slavuj, Vanja",,,,,,,
"Jugo, Igor","Slavuj, Vanja","Kovačić, Božidar",,,,,,,
"Kabakchieva, Dorina","Stefanova, Kamelia","Kisimov, Valentin",,,,,,,
"Kai, Shiming","Paquette, Luc","Baker, Ryan S.J.d.","Bosch, Nigel","D'Mello, Sidney K. D.","Ocumpaugh, Jaclyn L.","Shute, Valerie J.","Ventura, Matthew",,
"Kardan, Samad","Conati, Cristina",,,,,,,,
"Käser, Tanja","Koedinger, Kenneth R.","Gross, Markus",,,,,,,
"Kay, Judy",,,,,,,,,
"Kelly, Kim M.","Arroyo, Ivon","Heffernan, Neil T.",,,,,,,
"Kelly, Kim M.","Wang, Yan","Thompson, Tamisha","Heffernan, Neil T.",,,,,,
"Kelly, Kim","Heffernan, Neil T.",,,,,,,,
"Keshtkar, Fazel","Cowart, Jordan","Kingen, Ben","Crutcher, Andrew",,,,,,
"Keshtkar, Fazel","Morgan, Brent","Graesser, Arthur C.",,,,,,,
"Khajah, Mohammad M.","Wing, Rowan M.","Lindsey, Robert V.","Mozer, Michael C.",,,,,,
"Khodeir, Nabila","Wanas, Nayer","Darwish, Nevin","Hegazy, Nadia",,,,,,
"Kidziński, Łukasz","Sharma, Kshitij","Boroujeni, Mina Shirvani","Dillenbourg, Pierre",,,,,,
"Kim, Jeong Hyun","Park, Yeonjeong","Song, Jongwoo","Jo, Il-Hyun",,,,,,
"Kim, Jihie","Shaw, Erin","Xu, Hao","V, Adarsh G",,,,,,
"Kinnebrew, John S.","Biswas, Gautam",,,,,,,,
"Kinnebrew, John S.","Mack, Daniel L. C.","Biswas, Gautam",,,,,,,
"Klingler, Severin","Solenthaler, Barbara","Gross, Markus","Käser, Tanja",,,,,,
"Koch, Michael","Ring, Markus","Otto, Florian","Landes, Dieter",,,,,,
"Kocielnik, Rafal","Pechenizkiy, Mykola","Sidorova, Natalia",,,,,,,
"Koedinger, Kenneth R.","Carbonell, Jaime","Chaplot, Devendra Singh","Yang, Yiming",,,,,,
"Koedinger, Kenneth R.","Cunningham, Kyle","Skogsholm, Alida","Leber, Brett",,,,,,
"Koedinger, Kenneth R.","McLaughlin, Elizabeth A.",,,,,,,,
"Koedinger, Kenneth R.","McLaughlin, Elizabeth A.","Liu, Ran",,,,,,,
"Koedinger, Kenneth R.","McLaughlin, Elizabeth A.","Stamper, John C.",,,,,,,
"Koedinger, Kenneth R.","Pavlik Jr., Philip I.","Stamper, John C.","Nixon, Tristan","Ritter, Steven",,,,,
"Koedinger, Kenneth R.","Stamper, John C.",,,,,,,,
"Kokkodis, Marios","Kannan, Anitha","Kenthapadi, Krishnaram",,,,,,,
"Koprinska, Irena",,,,,,,,,
"Koprinska, Irena","Stretton, Joshua","Yacef, Kalina",,,,,,,
"Krüger, André","Merceron, Agathe","Wolf, Benjamin",,,,,,,
"Krüger, André","Merceron, Agathe","Wolf, Benjamin",,,,,,,
"Kyrilov, Angelo",,,,,,,,,
"Labarthe, Hugues","Yacef, Kalina","Bouchet, François","Bachelet, Rémi",,,,,,
"Labutov, Igor","Lipson, Hod",,,,,,,,
"Labutov, Igor","Studer, Christoph",,,,,,,,
"Lallé, Sebastien","Luengo, Vanda",,,,,,,,
"Lan, Andrew S.","Studer, Christoph","Baraniuk, Richard G.",,,,,,,
"Lan, Andrew S.","Studer, Christoph","Waters, Andrew E.","Baraniuk, Richard G.",,,,,,
"Lan, Andrew S.","Waters, Andrew E.","Studer, Christoph","Baraniuk, Richard G.",,,,,,
"Lang, Charles",,,,,,,,,
"Lang, Charles","Heffernan, Neil T.","Ostrow, Korinn S.","Wang, Yutao",,,,,,
"Lee, Ji Eun","Recker, Mimi","Bowers, Alex J.","Yuan, Min",,,,,,
"Lee, Jung In","Brunskill, Emma",,,,,,,,
"Lee, Seong Jae","Liu, Yun-En","Popović, Zoran",,,,,,,
"Lehman, Blair","Cade, Whitney L.","Olney, Andrew M.",,,,,,,
"Lemmerich, Florian","Ifland, Marianus","Puppe, Frank",,,,,,,
"Lewkow, Nicholas","Feild, Jacqueline","Zimmerman, Neil","Boulanger, David","Seanosky, Jeremie",,,,,
"Lewkow, Nicholas","Zimmerman, Neil","Riedesel, Mark","Essa, Alfred",,,,,,
"Li, Chen","Calico, Tiago","Ramineni, Chaitanya",,,,,,,
"Li, Haiying","Graesser, Arthur C.","Cai, Zhiqiang",,,,,,,
"Li, Haiying","Graesser, Arthur C.","Cai, Zhiqiang",,,,,,,
"Li, Nan","Cohen, William W.","Koedinger, Kenneth R.",,,,,,,
"Li, Nan","Cohen, William W.","Koedinger, Kenneth R.","Matsuda, Noboru",,,,,,
"Li, Qiujie","Baker, Rachel",,,,,,,,
"Li, Shoujing","Xiong, Xiaolu","Beck, Joseph E.",,,,,,,
"Lindsey, Robert V.","Mozer, Michael C.","Khajah, Mohammad M.",,,,,,,
"Linn, Marcia C.",,,,,,,,,
"Liu, Ran","Koedinger, Kenneth R.",,,,,,,,
"Liu, Sen","Kim, Jihie","Macskassy, Sofus A.","Shaw, Erin",,,,,,
"Liu, Yun-En","Mandel, Travis","Brunskill, Emma","Popović, Zoran",,,,,,
"Liu, Yun-En","Mandel, Travis","Butler, Eric","Andersen, Erik","O'Rourke, Eleanor","Brunskill, Emma","Popović, Zoran",,,
"Liu, Zhongxiu",,,,,,,,,
"Liu, Zhongxiu","Brown, Rebecca","Lynch, Collin F.","Barnes, Tiffany","Baker, Ryan S.J.d.","Bergner, Yoav","McNamara, Danielle S.",,,
"Liu, Zhongxiu","Pataranutaporn, Visit","Baker, Ryan S.J.d.","Ocumpaugh, Jaclyn L.",,,,,,
"Lopes, Manuel","Clement, Benjamin","Roy, Didier","Oudeyer, Pierre-Yves",,,,,,
"López, Manuel Ignacio","Luna, José María","Romero, Cristóbal","Ventura, Sebastián",,,,,,
"Lu, Yihan","Hsiao, I-Han",,,,,,,,
"Luna Bazaldua, Diego A.","Khan, Saad","von Davier, Alina A.","Hao, Jiangang","Liu, Lei","Wang, Zuowei",,,,
"Luo, Jingyi","E. Sorour, Shaymaa","Goda, Kazumasa","Mine, Tsunenori",,,,,,
"Luo, Ling","Koprinska, Irena","Liu, Wei",,,,,,,
"Lynch, Collin F.","Ashley, Kevin D.",,,,,,,,
"Lynch, Collin F.","Ashley, Kevin D.","Pinkwart, Niels","Aleven, Vincent",,,,,,
"Lynch, Collin F.","Falakmasir, Mohammad Hassan","Ashley, Kevin D.",,,,,,,
"Ma, Yijun","Agnihotri, Lalitha","Baker, Ryan S.J.d.","Mojarad, Shirin",,,,,,
"Maass, Jaclyn K.","Pavlik Jr., Philip I.",,,,,,,,
"Macfadyen, Leah P.","Sorenson, Peter",,,,,,,,
"Machardy, Zachary","Pardos, Zachary A.",,,,,,,,
"Maclellan, Christopher J.","Harpstead, Erik","Patel, Rony","Koedinger, Kenneth R.",,,,,,
"MacLellan, Christopher J.","Liu, Ran","Koedinger, Kenneth R.",,,,,,,
"Madhyastha, Tara","Tanimoto, Steven",,,,,,,,
"Maldonado, Roberto Martinez","Yacef, Kalina","Kay, Judy",,,,,,,
"Maldonado, Roberto Martinez","Yacef, Kalina","Kay, Judy","Al-Qaraghuli, Ammar","Kharrufa, Ahmed",,,,,
"Malkiewich, Laura","Baker, Ryan S.J.d.","Shute, Valerie J.","Kai, Shiming","Paquette, Luc",,,,,
"Mallavarapu, Aditi","Lyons, Leilah","Minor, Emily","Slattery, Brian","Zellner, Moira","Shelley, Tia",,,,
"Marquez-Vera, Carlos","Romero, Cristóbal","Ventura, Sebastián",,,,,,,
"Martin, Taylor","Aghababyan, Ani","Velasquez, Nicole Forsgren","Janisiewicz, Philip",,,,,,
"Martin, Taylor","Aghababyan, Ani","Velasquez, Nicole Forsgren","Maughan, Jason","Janisiewicz, Philip",,,,,
"Martinez-Maldonado, Roberto","Yacef, Kalina","Kay, Judy",,,,,,,
"Martori, Francesc","Cuadros, Jordi","González-Sabaté, Lucinio",,,,,,,
"Mathews, Moffat","Mitrovic, Tanja",,,,,,,,
"Matsuda, Noboru","Chandrasekaran, Sanjay","Stamper, John",,,,,,,
"Matsuda, Noboru","Furukawa, Tadanobu","Bier, Norman","Faloutsos, Christos",,,,,,
"Maull, Keith E.","Saldivar, Manuel Gerardo","Sumner, Tamara",,,,,,,
"Maull, Keith E.","Saldivar, Manuel Gerardo","Sumner, Tamara",,,,,,,
"Maull, Keith E.","Sumner, Tamara",,,,,,,,
"Maull, Keith","Quigley, David","Dibie, Ogheneovo","Sumner, Tamara",,,,,,
"Mavrikis, Manolis",,,,,,,,,
"McBroom, Jessica","Jeffries, Bryn","Koprinska, Irena","Yacef, Kalina",,,,,,
"McBroom, Jessica","Jeffries, Bryn","Koprinska, Irena","Yacef, Kalina",,,,,,
"McCuaig, Judi","Baldwin, Julia",,,,,,,,
"McNamara, Danielle S.",,,,,,,,,
"Mctavish, Thomas S.","Larusson, Johann Ari",,,,,,,,
"Merceron, Agathe",,,,,,,,,
"Merceron, Agathe","Schwarzrock, Sebastian","Elkina, Margarita","Pursian, Andreas","Beuster, Liane","Fortenbacher, Albrecht","Kappe, Leonard","Wenzlaff, Boris",,
"Merceron, Agathe","Schwarzrock, Sebastian","Elkina, Margarita","Pursian, Andreas","Beuster, Liane","Fortenbacher, Albrecht","Kappe, Leonard","Wenzlaff, Boris",,
"Merceron, Agathe","Yacef, Kalina",,,,,,,,
"Miao, Chunyan","Shen, Zhiqi","Zeng, Zhiwei","Borjigin, Ailiya",,,,,,
"Miller, Dee L.","Soh, Leen-Kiat",,,,,,,,
"Mills, Caitlin","Bixler, Robert","Wang, Xinyi","D'Mello, Sidney K. D.",,,,,,
"Mills, Caitlin","D'Mello, Sidney K. D.",,,,,,,,
"Mintz, Lisa","Stefanescu, Dan","D'Mello, Sidney K. D.","Graesser, Arthur C.",,,,,,
"Młynarska, Ewa","Cunningham, Pádraig","Greene, Derek",,,,,,,
"Mojarad, Shirin",,,,,,,,,
"Mokbel, Bassam","Gross, Sebastian","Paassen, Benjamin","Pinkwart, Niels","Hammer, Barbara",,,,,
"Montalvo, Orlando","Baker, Ryan S.J.d.","Sao Pedro, Michael A.","Nakama, Adam","Gobert, Janice D.",,,,,
"Moreno, Lorenzo","González, Carina","Estevez, Román","Pesquet-Popescu, Beatrice",,,,,,
"Moretti, Antonio","González-Brenes, José","McKnight, Katherine",,,,,,,
"Moretti, Antonio","McKnight, Kathy","Salleb-Aouissi, Ansaf",,,,,,,
"Morgan, Brent","Baggett, William","Rus, Vasile",,,,,,,
"Mori, Makoto","Chan, Philip K.",,,,,,,,
"Morrison, Donald M.","Nye, Benjamin","Samei, Borhan","Datla, Vivek Varma","Kelly, Craig","Rus, Vasile",,,,
"Mostafavi, Behrooz","Barnes, Tiffany",,,,,,,,
"Mostafavi, Behrooz","Barnes, Tiffany",,,,,,,,
"Mostafavi, Behrooz","Barnes, Tiffany","Croy, Marvin J.",,,,,,,
"Mostafavi, Behrooz","Liu, Zhongxiu","Barnes, Tiffany",,,,,,,
"Mostow, Jack","Beck, Joseph E.",,,,,,,,
"Mostow, Jack","Gates, Donna","Ellison, Ross","Goutam, Rahul",,,,,,
"Mostow, Jack","González-Brenes, José P.","Tan, Bao Hong",,,,,,,
"Mostow, Jack","Tan, Bao Hong",,,,,,,,
"Mostow, Jack","Xu, Yanbo","Munna, Mdahaduzzaman",,,,,,,
"Mostow, Jack","Zhang, Xiaonan",,,,,,,,
"Mott, Bradford W.","Min, Wookhee","Wiggins, Joseph B.","Pezzullo, Lydia G.","Boyer, Kristy Elizabeth","Frankosky, Megan H.","Wiebe, Eric N.","Lester, James C.","Vail, Alexandria K.",
"Možina, Martin","Guid, Matej","Sadikov, Aleksander","Groznik, Vida","Krivec, Jana","Bratko, Ivan",,,,
"Müller, Jonas C.","Kretzschmar, André","Greiff, Samuel",,,,,,,
"Nagata, Ryo","Takeda, Keigo","Suda, Koji","Kakegawa, Junichi","Morihiro, Koichiro",,,,,
"Nam, SungJin",,,,,,,,,
"Ng, Kelvin H. R.","Hartman, Kevin","Liu, Kai","Khong, Andy W. H.",,,,,,
"Nicolajsen, Peter Halkier","Plank, Barbara",,,,,,,,
"Niraula, Nobal B.","Rus, Vasile","Stefanescu, Dan",,,,,,,
"Niraula, Nobal B.","Stefanescu, Dan","Graesser, Arthur C.","Rus, Vasile",,,,,,
"Niu, Ke","Niu, Zhendong","Zhao, Xiangyu","Wang, Can","Kang, Kai","Ye, Min",,,,
"Nixon, Tristan",,,,,,,,,
"Nixon, Tristan","Fancsali, Stephen E.","Ritter, Steven",,,,,,,
"Nižnan, Juraj",,,,,,,,,
"Nižnan, Juraj","Pelánek, Radek","Řihák, Jiří",,,,,,,
"Nižnan, Juraj","Pelánek, Radek","Řihák, Jiří",,,,,,,
"Nogaito, Izuru","Yasuda, Keiji","Kimura, Hiroaki",,,,,,,
"Nooraei, Bahador","Pardos, Zachary A.","Heffernan, Neil T.","Baker, Ryan S.J.d.",,,,,,
"Nugent, Rebecca","Ayers, Elizabeth","Dean, Nema",,,,,,,
"Nugent, Rebecca","Dean, Nema","Ayers, Elizabeth",,,,,,,
"Nwaigwe, Adaeze","Koedinger, Kenneth R.",,,,,,,,
"Nye, Benjamin D.","Hajeer, Mustafa","Forsyth, Carol M.","Samei, Borhan","Millis, Keith","Hu, Xiangen",,,,
"Nye, Benjamin D.","Morrison, Donald M.","Samei, Borhan",,,,,,,
"Oeda, Shinichi","Ito, Yu","Yamanishi, Kenji",,,,,,,
"Oeda, Shinichi","Yamanishi, Kenji",,,,,,,,
"Olivares-Rodríguez, Cristian","Guenaga, Mariluz",,,,,,,,
"Olsen, Jennifer K.","Aleven, Vincent","Rummel, Nikol",,,,,,,
"Olson, Robert","Daily, Zachary","Malayny, John","Szkutak, Robert",,,,,,
"Ostrow, Korinn S.",,,,,,,,,
"Ostrow, Korinn S.","Donnelly, Christopher","Heffernan, Neil T.",,,,,,,
"Ostrow, Korinn S.","Heffernan, Neil T.",,,,,,,,
"Paassen, Benjamin","Jensen, Joris","Hammer, Barbara",,,,,,,
"Paassen, Benjamin","Mokbel, Bassam","Hammer, Barbara",,,,,,,
"Paepcke, Andreas","Lamb, Andrew","Ullman, Jeffrey","Hernandez, Jose",,,,,,
"Papoušek, Jan","Pelánek, Radek","Řihák, Jiří","Stanislav, Vít",,,,,,
"Papoušek, Jan","Pelánek, Radek","Vit, Stanislav",,,,,,,
"Paquette, Luc","De Carvalho, Adriana M. J. A.","Baker, Ryan S.J.d.","Ocumpaugh, Jaclyn L.",,,,,,
"Paquette, Luc","Ocumpaugh, Jaclyn L.","Baker, Ryan S.J.d.",,,,,,,
"Paquette, Luc","Rowe, Jonathan P.","Baker, Ryan S.J.d.","Mott, Bradford W.","Lester, James C.","DeFalco, Jeanine","Brawner, Keith","Sottilare, Robert","Georgoulas, Vasiliki",
"Pardos, Zachary A.","Beck, Joseph E.","Ruiz, Carolina","Heffernan, Neil T.",,,,,,
"Pardos, Zachary A.","Bergner, Yoav","Seaton, Daniel T.","Pritchard, David E.",,,,,,
"Pardos, Zachary A.","Gowda, Sujith M.","Baker, Ryan S.J.d.","Heffernan, Neil T.",,,,,,
"Pardos, Zachary A.","Heffernan, Neil T.",,,,,,,,
"Pardos, Zachary A.","Heffernan, Neil T.",,,,,,,,
"Pardos, Zachary A.","Trivedi, Shubhendu","Wang, Qing Yang",,,,,,,
"Patil, Sonal","Deshmukh, Om","Sharma, Arjun","Biswas, Arijit","Gandhi, Ankit",,,,,
"Pavlik Jr., Philip I.",,,,,,,,,
"Pavlik Jr., Philip I.","Cen, Hao","Koedinger, Kenneth R.",,,,,,,
"Pavlik Jr., Philip I.","Cen, Hao","Wu, Lili","Koedinger, Kenneth R.",,,,,,
"Pavlik Jr., Philip I.","Hua, Henry","Williams, Jamal","Bidelman, Gavin M.",,,,,,
"Pavlik Jr., Philip I.","Wu, Sue-Mei",,,,,,,,
"Pawl, Andrew",,,,,,,,,
"Pechenizkiy, Mykola","Calders, Toon","Vasilyeva, Ekaterina","De Bra, Paul",,,,,,
"Pechenizkiy, Mykola","Toledo, Pedro A.",,,,,,,,
"Pechenizkiy, Mykola","Trcka, Nikola","De Bra, Paul","Toledo, Pedro",,,,,,
"Pechenizkiy, Mykola","Trcka, Nikola","Vasilyeva, Ekaterina","van der Aalst, Wil","De Bra, Paul",,,,,
"Peckham, Terry","McCalla, Gordon",,,,,,,,
"Peckham, Terry","McCalla, Gordon",,,,,,,,
"Peddycord III, Barry","Hicks, Andrew","Barnes, Tiffany",,,,,,,
"Pelánek, Radek",,,,,,,,,
"Pelánek, Radek",,,,,,,,,
"Pelánek, Radek",,,,,,,,,
"Pelánek, Radek",,,,,,,,,
"Pelánek, Radek","Jarušek, Petr",,,,,,,,
"Pelánek, Radek","Řihák, Jiří",,,,,,,,
"Penteado, Bruno Elias",,,,,,,,,
"Pero, Štefan","Horváth, Tomás",,,,,,,,
"Piech, Chris","Huang, Jonathan","Chen, Zhenghao","Do, Chuong","Ng, Andrew","Koller, Daphne",,,,
"Popescu, Paul Stefan",,,,,,,,,
"Prata, David Nadler","Baker, Ryan S.J.d.","d.B. Costa, Evandro","Rose, Carolyn P.","Cui, Yi","De Carvalho, Adriana M. J. A.",,,,
"Price, Thomas W.","Lynch, Collin F.","Barnes, Tiffany","Chi, Min",,,,,,
"Qiu, Yumeng","Qi, Yingmei","Lu, Hanyuan","Pardos, Zachary A.","Heffernan, Neil T.",,,,,
"Quevedo, José Ramón","Montañés, Elena",,,,,,,,
"Quigley, David","Dibie, Ogheneovo","Sultan, Arafat","Van Horne, Katie","Penuel, William R.","Sumner, Tamara","Acholonu, Ugochi","Pinkard, Nichole",,
"Rabbany, Reihaneh Khorasgani","Takaffoli, Mansoureh","Zaïane, Osmar R.",,,,,,,
"Raca, Mirko","Dillenbourg, Pierre","Kidziński, Łukasz",,,,,,,
"Rafferty, Anna N.","Davenport, Jodi","Brunskill, Emma",,,,,,,
"Rafferty, Anna N.","Griffiths, Thomas L.",,,,,,,,
"Rafferty, Anna N.","Jansen, Rachel A.","Griffiths, Thomas L.",,,,,,,
"Rafferty, Anna N.","Lamar, Michelle M.","Griffiths, Thomas L.",,,,,,,
"Rai, Dovan","Beck, Joseph E.",,,,,,,,
"Rai, Dovan","Beck, Joseph E.",,,,,,,,
"Rai, Dovan","Beck, Joseph E.","Arroyo, Ivon",,,,,,,
"Rai, Dovan","Gong, Yue","Beck, Joseph E.",,,,,,,
"Ramachandran, Lakshmi","Ravindran, Balaraman","Gehringer, Edward",,,,,,,
"Ramanarayanan, Vikram","Khan, Saad",,,,,,,,
"Ranka, Ankit","Anwar, Faisal","Chae, Hui Soo",,,,,,,
"Räsänen, Pekka",,,,,,,,,
"Rau, Martina A.",,,,,,,,,
"Rau, Martina A.",,,,,,,,,
"Rau, Martina A.","Mason, Blake","Nowak, Robert",,,,,,,
"Rau, Martina A.","Pardos, Zachary A.",,,,,,,,
"Rau, Martina A.","Pardos, Zachary A.",,,,,,,,
"Rau, Martina A.","Scheines, Richard",,,,,,,,
"Rau, Martina A.","Scheines, Richard","Aleven, Vincent","Rummel, Nikol",,,,,,
"Ray, Fritz","Brawner, Keith","Robson, Robby",,,,,,,
"Recker, Mimi M.","Xu, Beijie","Hsi, Sherry","Garrard, Christine",,,,,,
"Ren, Zhiyun","Rangwala, Huzefa","Johri, Aditya",,,,,,,
"Rhodes, Nicholas M.","Ung, Matthew A.","Zundel, Alexander E.","Herold, James","Stahovich, Thomas F.",,,,,
"Riddle, Travis","Bhagavatula, Sowmya Sree","Guo, Weiwei","Muresan, Smaranda","Cohen, Geoff","Cook, Jonathan E.","Purdie-Vaughns, Valerie",,,
"Řihák, Jiří",,,,,,,,,
"Riofrío, Diego","Ramírez, Jaime",,,,,,,,
"Ritter, Steve","Fancsali, Stephen E.","Berman, Susan R.","Yudelson, Michael",,,,,,
"Ritter, Steven","Fancsali, Stephen E.",,,,,,,,
"Ritter, Steven","Fancsali, Stephen E.",,,,,,,,
"Ritter, Steven","Harris, Thomas K.","Nixon, Tristan","Dickison, Daniel","Murray, Charles","Towle, Brendon",,,,
"Ritter, Steven","Joshi, Ambarish","Fancsali, Stephen E.","Nixon, Tristan",,,,,,
"Rodrigo, Mercedes T.","Baker, Ryan S.J.d.","McLaren, Bruce M.","Jayme, Alejandra","Dy, Thomas T.",,,,,
"Rolleston, Rob","Howe, Richard","Sprague, Mary Ann",,,,,,,
"Rollinson, Joseph","Brunskill, Emma",,,,,,,,
"Romashkin, Nikita","Ignatov, Dmitry","Kolotova, Elena",,,,,,,
"Romero, Cristóbal","Castro, Cristóbal","Ventura, Sebastián",,,,,,,
"Romero, Cristóbal","Gutiérrez, Sergio","Freire, Manuel","Ventura, Sebastián",,,,,,
"Romero, Cristóbal","Olmo, Juan Luis","Ventura, Sebastián",,,,,,,
"Romero, Cristóbal","Romero, José Raúl","Luna, José María","Ventura, Sebastián",,,,,,
"Romero, Cristóbal","Ventura, Sebastián","Espejo, Pedro G.","Hervás, César",,,,,,
"Romero, Cristóbal","Ventura, Sebastián","Pedraza-Perez, Rafael",,,,,,,
"Romero, Cristóbal","Ventura, Sebastián","Vasilyeva, Ekaterina","Pechenizkiy, Mykola",,,,,,
"Roscoe, Rod D.","Jacovina, Matthew E.","Allen, Laura K.","Johnson, Adam C.","McNamara, Danielle S.",,,,,
"Rowe, Elizabeth","Asbell-Clarke, Jodi","Edwards, Teon","Eagle, Michael J.","Barnes, Tiffany","Brown, Rebecca","Hicks, Andrew",,,
"Rowe, Elizabeth","Baker, Ryan S.J.d.","Asbell-Clarke, Jodi",,,,,,,
"Rowe, Elizabeth","Baker, Ryan S.J.d.","Asbell-Clarke, Jodi","Kasman, Emily","Hawkins, William J.",,,,,
"Roy, Matthew E.","Roberts, R. Bruce","Makhoul, John I.","Kumar, Rohit",,,,,,
"Ruiz, Samara","Fernández-Castro, Isabel","Urretavizcaya, Maite",,,,,,,
"Rus, Vasile","Banjade, Rajendra","Ritter, Steve","Yudelson, Michael","Maharjan, Nabin","Morrison, Donald M.",,,,
"Rus, Vasile","Gautam, Dipesh","Swiecki, Zachari","Schaffer, David W.","Graesser, Arthur C.",,,,,
"Rus, Vasile","Lintean, Mihai","Azevedo, Roger",,,,,,,
"Rus, Vasile","Moldovan, Cristian","Niraula, Nobal B.","Graesser, Arthur C.",,,,,,
"Rus, Vasile","Stefanescu, Dan","Banjade, Rajendra","Lintean, Mihai","Niraula, Nobel B.",,,,,
"Saarela, Mirka","Kärkkäinen, Tommi",,,,,,,,
"Saarela, Mirka","Kärkkäinen, Tommi",,,,,,,,
"Sabourin, Jennifer L.","Kosturko, Lucy","FitzGerald, Clare","McQuiggan, Scott",,,,,,
"Sabourin, Jennifer L.","McQuiggan, Scott","De Waal, Andre",,,,,,,
"Sabourin, Jennifer L.","Mott, Bradford W.","Lester, James C.",,,,,,,
"Sabourin, Jennifer","Hoffmann, Kristin","McQuiggan, Scott","Kosturko, Lucy",,,,,,
"Sacín, César Vialardi","Agapito, Javier Bravo","Shafti, Leila","Ortigosa, Álvaro",,,,,,
"Sahebi, Shaghayegh","Lin, Yu-Ru","Brusilovsky, Peter",,,,,,,
"Sales, Adam C.","Pane, John F.",,,,,,,,
"Sales, Adam C.","Wilks, Asa","Pane, John F.",,,,,,,
"Salmeron-Majadas, Sergio","Santos, Olga C.","Boticario, Jesús G.",,,,,,,
"Salmeron-Majadas, Sergio","Santos, Olga C.","Boticario, Jesús G.",,,,,,,
"Salmeron-Majadas, Sergio","Santos, Olga C.","Boticario, Jesus G.","Cabestrero, Raúl","Quirós, Pilar","Saneiro, Mar",,,,
"Samei, Borhan","Keshtkar, Fazel","Rus, Vasile","Graesser, Arthur C.",,,,,,
"Samei, Borhan","Olney, Andrew M.","Kelly, Sean","Nystrand, Martin","D'Mello, Sidney K. D.","Blanchard, Nathaniel","Graesser, Arthur C.",,,
"Samei, Borhan","Olney, Andrew M.","Kelly, Sean","Nystrand, Martin","D'Mello, Sidney K. D.","Blanchard, Nathaniel","Sun, Xiaoyi","Glaus, Marcy","Graesser, Arthur C.",
"Samei, Borhan","Rus, Vasile","Nye, Benjamin D.","Morrison, Donald M.",,,,,,
"San Pedro, Maria Ofelia Z.",,,,,,,,,
"San Pedro, Maria Ofelia Z.","Baker, Ryan S.J.d.","Bowers, Alex J.","Heffernan, Neil T.",,,,,,
"San Pedro, Maria Ofelia Z.","Ocumpaugh, Jaclyn L.","Baker, Ryan S.J.d.","Heffernan, Neil T.",,,,,,
"San Pedro, Maria Ofelia Z.","Snow, Erica L.","Baker, Ryan S.J.d.","McNamara, Danielle S.","Heffernan, Neil T.",,,,,
"Sao Pedro, Michael A.","Baker, Ryan S.J.d.","Gobert, Janice D.",,,,,,,
"Sao Pedro, Michael A.","Baker, Ryan S.J.d.","Montalvo, Orlando","Nakama, Adam","Gobert, Janice D.",,,,,
"Schatten, Carlotta","Janning, Ruth","Schmidt-Thieme, Lars","Mavrikis, Manolis",,,,,,
"Scheihing, Eliana","Aros, Carolina","Guerra, Daniel",,,,,,,
"Scheines, Richard","Silver, Elizabeth","Goldin, Ilya M.",,,,,,,
"Schneider, Bertrand",,,,,,,,,
"Schneider, Bertrand","Blikstein, Paulo",,,,,,,,
"Schneider, Bertrand","Pea, Roy",,,,,,,,
"Schultz, Sarah E.","Arroyo, Ivon",,,,,,,,
"Seaton, Daniel T.","Bergner, Yoav","Pritchard, David E.",,,,,,,
"Segal, Avi",,,,,,,,,
"Segal, Avi","Katzir, Ziv","Gal, Ya'akov","Shani, Guy","Shapira, Bracha",,,,,
"Shanabrook, David H.","Cooper, David G.","Woolf, Beverly Park","Arroyo, Ivon",,,,,,
"Shapiro, R. Benjamin","Petry, Hisham","Gomez, Louis M.",,,,,,,
"Sharma, Kshitij","Jermann, Patrick","Dillenbourg, Pierre",,,,,,,
"Sherzad, Abdul Rahman",,,,,,,,,
"Shih, Benjamin","Koedinger, Kenneth R.","Scheines, Richard",,,,,,,
"Shih, Benjamin","Koedinger, Kenneth R.","Scheines, Richard",,,,,,,
"Shimada, Atsushi","Okubo, Fumiya","Ogata, Hiroaki",,,,,,,
"Shute, Valerie J.",,,,,,,,,
"Shute, Valerie J.","Wang, Lubin","Moore, Gregory R.",,,,,,,
"Siemens, George","Baker, Ryan S.J.d.","Gašević, Dragan",,,,,,,
"Silva, Andreia","Antunes, Cláudia",,,,,,,,
"Silva, Priscylla","Costa, Evandro","Pinheiro, Roberth",,,,,,,
"Silveira Gomes, July","Yassine, Mohamed","Worsley, Marcelo","Blikstein, Paulo",,,,,,
"Šimko, Marián","Bieliková, Mária",,,,,,,,
"Simon, Jean",,,,,,,,,
"Singh, Bhanu Pratap","Aggarwal, Varun",,,,,,,,
"Slater, Stefan","Ocumpaugh, Jaclyn L.","Baker, Ryan S.J.d.","Inventado, Paul Salvador","Scupelli, Peter","Heffernan, Neil T.",,,,
"Smith, Andy","Wiebe, Eric N.","Mott, Bradford W.","Lester, James C.",,,,,,
"Snow, Erica L.",,,,,,,,,
"Snow, Erica L.","Allen, Laura K.","Jackson, G. Tanner","McNamara, Danielle S.",,,,,,
"Snow, Erica L.","Allen, Laura K.","Russell, Devin G.","McNamara, Danielle S.",,,,,,
"Snow, Erica L.","Feng, Mingyu","Krumm, Andrew E.","Podkul, Timothy","Bowers, Alex J.",,,,,
"Snow, Erica L.","Jackson, G. Tanner","Varner, Laura K.","McNamara, Danielle S.",,,,,,
"Snow, Erica L.","Jacovina, Matthew E.","Allen, Laura K.","Dai, Jianmin","McNamara, Danielle S.",,,,,
"Snow, Erica L.","Likens, Aaron D.","Jackson, G. Tanner","McNamara, Danielle S.",,,,,,
"Snow, Erica L.","San Pedro, Maria Ofelia Z.","Jacovina, Matthew","McNamara, Danielle S.","Baker, Ryan S.J.d.",,,,,
"Songmuang, Pokpong","Ueno, Maomi",,,,,,,,
"Soundranayagam, Hema","Yacef, Kalina",,,,,,,,
"Southavilay, Vilaythong","Markauskaite, Lina","Jacobson, Michael J.",,,,,,,
"Southavilay, Vilaythong","Yacef, Kalina","Calvo, Rafael A.",,,,,,,
"Spiliopoulou, Myra",,,,,,,,,
"Srinivas, Suchismita","Bagadia, Muntaquim","Gupta, Anupriya",,,,,,,
"Stamper, John C.","Barnes, Tiffany",,,,,,,,
"Stamper, John C.","Barnes, Tiffany","Croy, Marvin J.",,,,,,,
"Stamper, John C.","Koedinger, Kenneth R.","Mclaughlin, Elizabeth A.",,,,,,,
"Stamper, John C.","Lomas, Derek","Ching, Dixie","Ritter, Steven","Koedinger, Kenneth R.","Steinhart, Jonathan",,,,
"Stanhope, Daniel S.","Rectanus, Karl T.",,,,,,,,
"Stanhope, Daniel S.","Rectanus, Karl T.",,,,,,,,
"Stapel, Martin","Zheng, Zhilin","Pinkwart, Niels",,,,,,,
"Stefanescu, Dan","Rus, Vasile","Graesser, Arthur C.",,,,,,,
"Strecht, Pedro","Cruz, Luis","Soares, Carlos","Mendes-Moreira, João","Abreu, Rui",,,,,
"Streeter, Matthew",,,,,,,,,
"Sudol-DeLyser, Leigh Ann","Rivers, Kelly","Harris, Thomas K.",,,,,,,
"Sudol-DeLyser, Leigh Ann","Steinhart, Jonathan",,,,,,,,
"Sun, Mingxuan","Yang, Seungwon",,,,,,,,
"Sun, Xiaoxun",,,,,,,,,
"Sun, Yuan","Ye, Shiwei","Inoue, Shunya","Sun, Yi",,,,,,
"Surpatean, Alexandru","Smirnov, Evgueni","Manie, Nicolai",,,,,,,
"Sweeney, Mack","Rangwala, Huzefa","Lester, Jaime","Johri, Aditya",,,,,,
"Syed, Sohail Javaad","Jiang, Yuheng Helen","Golab, Lukasz",,,,,,,
"Tan, Ling",,,,,,,,,
"Tan, Ling","Sun, Xiaoxun","Khoo, Siek Toon",,,,,,,
"Tang, Steven","Pardos, Zachary A.","Gogel, Hannah","McBride, Elizabeth",,,,,,
"Tenison, Caitlin","MacLellan, Christopher J.",,,,,,,,
"Thai-Nghe, Nguyen","Horváth, Tomas","Schmidt-Thieme, Lars",,,,,,,
"Tibbles, Richard",,,,,,,,,
"Tissenbaum, Mike","Kumar, Vishesh","Berland, Matthew",,,,,,,
"Tomkins, Sabina","Ramesh, Arti","Getoor, Lise",,,,,,,
"Tóth, Krisztina","Greiff, Samuel","Wüstenberg, Sascha","Rölke, Heiko",,,,,,
"Toussaint, Ben-Manson","Luengo, Vanda","Tonetti, Jérôme",,,,,,,
"Trivedi, Shubhendu","Pardos, Zachary A.","Heffernan, Neil T.","Sárközy, Gábor N.",,,,,,
"Trivedi, Shubhendu","Pardos, Zachary A.","Sárközy, Gábor N.","Heffernan, Neil T.",,,,,,
"Truong, Huong May",,,,,,,,,
"Ubi, Jaan","Liiv, Innar",,,,,,,,
"Vail, Alexandria K.","Wiggins, Joseph B.","Grafsgaard, Joseph F.","Boyer, Kristy Elizabeth","Wiebe, Eric N.","Lester, James C.",,,,
"Vale, André","Madeira, Sara C.","Antunes, Cláudia",,,,,,,
"van de Sande, Brett",,,,,,,,,
"van de Sande, Brett",,,,,,,,,
"van de Sande, Brett",,,,,,,,,
"van de Sande, Brett",,,,,,,,,
"Van Inwegen, Eric G.","Adjei, Seth A.","Wang, Yan","Heffernan, Neil T.",,,,,,
"Van Inwegen, Eric G.","Heffernan, Neil T.","Wang, Yan","Adjei, Seth A.",,,,,,
"Varner, Laura K.","Jackson, G. Tanner","McNamara, Danielle S.","Snow, Erica L.",,,,,,
"Vasilyeva, Ekaterina","Pechenizkiy, Mykola","Tesanovic, Aleksandra","Knutov, Evgeny","Verwer, Sicco","De Bra, Paul",,,,
"Vats, Divyanshu","Studer, Christoph","Lan, Andrew S.","Carin, Lawrence","Baraniuk, Richard G.",,,,,
"Vega, Benjamin","Lehman, Blair","Graesser, Arthur C.","D'Mello, Sidney K. D.","Feng, Shi",,,,,
"Velasquez, Nicole Forsgren","Martin, Taylor","Maughan, Jason","Goldin, Ilya M.",,,,,,
"Ventura, Sebastián","Romero, Cristóbal","Hervás, Cesar",,,,,,,
"Vialardi, César","Chue, Jorge","Barrientos, Alfredo","Victoria, Daniel","Estrella, Jhonny","Peche, Juan Pablo","Ortigosa, Álvaro",,,
"Vicente Castro, Francisco Enrique","Adjei, Seth A.","Colombo, Tyler","Heffernan, Neil T.",,,,,,
"Vie, Jill-Jênn","Popineau, Fabrice","Bourda, Yolaine","Grill, Jean-Bastien","Bruillard, Éric",,,,,
"Vigentini, Lorenzo","Clayphan, Andrew",,,,,,,,
"Vihavainen, Arto","Luukkainen, Matti","Kurhila, Jaakko",,,,,,,
"Villamañe, Mikel","Larrañaga, Mikel","Alvarez, Ainhoa","Ferrero, Begoña",,,,,,
"Von Ahn, Luis","Streeter, Matthew",,,,,,,,
"Von Davier, Alina A.",,,,,,,,,
"Voss, Lydia","Schatten, Carlotta","Mazziotti, Claudia","Schmidt-Thieme, Lars",,,,,,
"Vuong, Annalies","Nixon, Tristan","Towle, Brendon",,,,,,,
"Wan, Hao","Beck, Joseph Barbosa",,,,,,,,
"Wang, Feng","Chen, Li",,,,,,,,
"Wang, Ren","Zaïane, Osmar R.",,,,,,,,
"Wang, Shang",,,,,,,,,
"Wang, Xu","Yang, Diyi","Wen, Miaomiao","Koedinger, Kenneth R.","Rosé, Carolyn Penstein",,,,,
"Wang, Yutao","Beck, Joseph E.",,,,,,,,
"Wang, Yutao","Heffernan, Neil T.",,,,,,,,
"Wang, Yutao","Heffernan, Neil T.",,,,,,,,
"Wang, Yutao","Heffernan, Neil T.","Beck, Joseph E.",,,,,,,
"Warnakulasooriya, Rasil","Galen, William",,,,,,,,
"Warner, Jeremy","Doorenbos, John","Miller, Bradley N.","Guo, Philip J.",,,,,,
"Watanabe, Eiji","Ozeki, Takashi","Kohama, Takeshi",,,,,,,
"Wauters, Kelly","Desmet, Piet","Van Den Noortgate, Wim",,,,,,,
"Wauters, Kelly","Desmet, Piet","Van Den Noortgate, Wim",,,,,,,
"Wen, Miaomiao","Maki, Keith","Wang, Xu","Dow, Steven P.","Herbsleb, James","Rose, Carolyn P.",,,,
"Wen, Miaomiao","Yang, Diyi","Rosé, Carolyn Penstein",,,,,,,
"Weston, Jennifer L.","McNamara, Danielle S.",,,,,,,,
"Whitehill, Jacob","Williams, Joseph","Lopez, Glenn","Coleman, Cody","Reich, Justin",,,,,
"Whitmer, John","Dietrichson, Sasha","O'Haver, Bryan",,,,,,,
"Williams, Joseph Jay","Botelho, Anthony F.","Heffernan, Neil T.","Lang, Charles","Sales, Adam C.",,,,,
"Wilson, Kevin H.","Karklin, Yan","Han, Bojian","Ekanadham, Chaitanya",,,,,,
"Wixon, Michael","Arroyo, Ivon","Muldner, Kasia","Burleson, Winslow","Rai, Dovan","Woolf, Beverly Park",,,,
"Worsley, Marcelo","Blikstein, Paulo",,,,,,,,
"Worsley, Marcelo","Blikstein, Paulo",,,,,,,,
"Xie, Jun","Huang, Xudong","Hua, Henry","Wang, Jin","Tang, Quan","Craig, Scotty D.","Graesser, Arthur C.","Lin, King-ip","Hu, Xiangen",
"Xiong, Wenting","Litman, Diane",,,,,,,,
"Xiong, Wenting","Litman, Diane","Schunn, Christian D.",,,,,,,
"Xiong, Xiaolu","Adjei, Seth A.","Heffernan, Neil T.",,,,,,,
"Xiong, Xiaolu","Zhao, Siyuan","Van Inwegen, Eric G.","Beck, Joseph E.",,,,,,
"Xoing, Xiaolu","Beck, Joseph Barbosa",,,,,,,,
"Xu, Beijie","Recker, Mimi M.",,,,,,,,
"Xu, Xiaoxi","Murray, Tom","Woolf, Beverly Park","Smith, David",,,,,,
"Xu, Yanbo","Chang, Kai-Min","Yuan, Yueran","Mostow, Jack",,,,,,
"Xu, Yanbo","Mostow, Jack",,,,,,,,
"Xu, Yanbo","Mostow, Jack",,,,,,,,
"Xu, Yanbo","Mostow, Jack",,,,,,,,
"Xu, Yanbo","Mostow, Jack",,,,,,,,
"Xue, Linting","Lynch, Collin F.","Chi, Min",,,,,,,
"Yadav, Kuldeep","Shrivastava, Kundan","Kumar, Ranjeet","Srivastava, Saurabh","Deshmukh, Om",,,,,
"Yamakawa, Osamu","Tagawa, Takahiro","Inoue, Hitoshi","Yastake, Koichi","Sumiya, Takahiro",,,,,
"Yang, Diyi","Kraut, Robert","Rosé, Carolyn Penstein",,,,,,,
"Yang, Diyi","Piergallini, Mario","Howley, Iris","Rose, Carolyn P.",,,,,,
"Yang, Diyi","Wen, Miaomiao","Rose, Carolyn",,,,,,,
"Ye, Chen","Kinnebrew, John S.","Segedy, James R.","Biswas, Gautam",,,,,,
"Ye, Cheng","Kinnebrew, John S.","Biswas, Gautam",,,,,,,
"Yee-King, Matthew","D'Inverno, Mark",,,,,,,,
"Yee-King, Matthew","Grimalt-Reynes, Andreu","D'Inverno, Mark",,,,,,,
"Yoo, Jin Soung","Cho, Moon-Heum",,,,,,,,
"Yudelson, Michael V.",,,,,,,,,
"Yudelson, Michael V.","Brunskill, Emma",,,,,,,,
"Yudelson, Michael V.","Brusilovsky, Peter","Mitrovic, Antonija","Mathews, Moffat",,,,,,
"Yudelson, Michael V.","Fancsali, Stephen E.","Ritter, Steven","Berman, Susan R.","Nixon, Tristan","Joshi, Ambarish",,,,
"Yudelson, Michael V.","Hosseini, Roya","Vihavainen, Arto","Brusilovsky, Peter",,,,,,
"Yudelson, Michael V.","Koedinger, Kenneth R.",,,,,,,,
"Yudelson, Michael V.","Pavlik Jr., Philip I.","Koedinger, Kenneth R.",,,,,,,
"Zafra, Amelia","Ventura, Sebastián",,,,,,,,
"Zapata-González, Alfredo","Romero, Cristóbal","Menendez, Victor H.","Prieto-Méndez, Manuel E.",,,,,,
"Zapata, Alfredo","Menéndez, Victor H.","Romero, Cristóbal","Prieto, Manuel E.",,,,,,
"Zhang, Xiaonan","Mostow, Jack","Duke, Nell","Trotochaud, Christina","Valeri, Joseph","Corbett, Albert T.",,,,
"Zhang, Yuan","Shah, Rajat","Chi, Min",,,,,,,
"Zheng, Guoguo","Galyardt, April","Kim, Seohyun","Tan, Yanyan",,,,,,
"Zheng, Zhilin",,,,,,,,,
"Zheng, Zhilin","Pinkwart, Niels",,,,,,,,
"Zheng, Zhilin","Stapel, Martin","Pinkwart, Niels",,,,,,,
"Zheng, Zhilin","Vogelsang, Tim","Pinkwart, Niels",,,,,,,
"Zhong-Mei, Shu","Qiong-Fei, Qu","Lu-Qi, Feng",,,,,,,
"Zimmermann, Judith","Brodersen, Kay H.","Pellet, Jean-Philippe","Buhmann, Joachim M.","August, Elias",,,,,
"Zoubek, Lukáš","Burda, Michal",,,,,,,,